<!DOCTYPE UGENE_TEST_FRAMEWORK_TEST>
<multi-test>
<!-- Checking Smith-Waterman performance - results are not required -->

 <load-document index="searchSeqDoc" url="smith_waterman_perf/search.fasta" io="local_file" format="fasta"/>
 <find-object-by-name index="searchSeq" doc="searchSeqDoc" name="RANDOM" type="OT_SEQUENCE"/>

  <load-document index="patternSeqDoc1" url="smith_waterman_perf/P02232.fasta" io="local_file" format="fasta"/>
 <find-object-by-name index="patternSeq1" doc="patternSeqDoc1" name="sp|P02232|LGB1_VICFA Leghemoglobin-1 OS=Vicia faba PE=1 SV=2" type="OT_SEQUENCE"/>
 <test-sw-performance seq_f="searchSeq" pattern_f="patternSeq1" impl="CUDA" />
 
 <load-document index="patternSeqDoc2" url="smith_waterman_perf/P01111.fasta" io="local_file" format="fasta"/>
 <find-object-by-name index="patternSeq2" doc="patternSeqDoc2" name="sp|P01111|RASN_HUMAN GTPase NRas OS=Homo sapiens GN=NRAS PE=1 SV=1" type="OT_SEQUENCE"/>
 <test-sw-performance seq_f="searchSeq" pattern_f="patternSeq2" impl="CUDA" />
 
 <load-document index="patternSeqDoc21" url="smith_waterman_perf/P00762.fasta" io="local_file" format="fasta"/>
 <find-object-by-name index="patternSeq21" doc="patternSeqDoc21" name="sp|P00762|TRY1_RAT Anionic trypsin-1 OS=Rattus norvegicus GN=Prss1 PE=1 SV=1" type="OT_SEQUENCE"/>
 <test-sw-performance seq_f="searchSeq" pattern_f="patternSeq21" impl="CUDA" />
 
 <load-document index="patternSeqDoc3" url="smith_waterman_perf/P10635.fasta" io="local_file" format="fasta"/>
 <find-object-by-name index="patternSeq3" doc="patternSeqDoc3" name="sp|P10635|CP2D6_HUMAN Cytochrome P450 2D6 OS=Homo sapiens GN=CYP2D6 PE=1 SV=2" type="OT_SEQUENCE"/>
 <test-sw-performance seq_f="searchSeq" pattern_f="patternSeq3" impl="CUDA" />

 <load-document index="patternSeqDoc4" url="smith_waterman_perf/P27895.fasta" io="local_file" format="fasta"/>
 <find-object-by-name index="patternSeq4" doc="patternSeqDoc4" name="sp|P27895|CIN8_YEAST Kinesin-like protein CIN8 OS=Saccharomyces cerevisiae GN=CIN8 PE=1 SV=3" type="OT_SEQUENCE"/>
 <test-sw-performance seq_f="searchSeq" pattern_f="patternSeq4" impl="CUDA" />

 <load-document index="patternSeqDoc5" url="smith_waterman_perf/P07756.fasta" io="local_file" format="fasta"/>
 <find-object-by-name index="patternSeq5" doc="patternSeqDoc5" name="sp|P07756|CPSM_RAT Carbamoyl-phosphate synthase [ammonia], mitochondrial OS=Rattus norvegicus GN=Cps1 PE=2 SV=1" type="OT_SEQUENCE"/>
 <test-sw-performance seq_f="searchSeq" pattern_f="patternSeq5" impl="CUDA" />

 <load-document index="patternSeqDoc6" url="smith_waterman_perf/P04775.fasta" io="local_file" format="fasta"/>
 <find-object-by-name index="patternSeq6" doc="patternSeqDoc6" name="sp|P04775|SCN2A_RAT Sodium channel protein type 2 subunit alpha OS=Rattus norvegicus GN=Scn2a PE=1 SV=1" type="OT_SEQUENCE"/>
 <test-sw-performance seq_f="searchSeq" pattern_f="patternSeq6" impl="CUDA" />
 
  <load-document index="patternSeqDoc7" url="smith_waterman_perf/P28167.fasta" io="local_file" format="fasta"/>
 <find-object-by-name index="patternSeq7" doc="patternSeqDoc7" name="sp|P28167|ZFH2_DROME Zinc finger protein 2 OS=Drosophila melanogaster GN=zfh2 PE=1 SV=2" type="OT_SEQUENCE"/>
 <test-sw-performance seq_f="searchSeq" pattern_f="patternSeq7" impl="CUDA" />
  
 
 <load-document index="patternSeqDoc" url="smith_waterman_perf/P20930.fasta" io="local_file" format="fasta"/>
 <find-object-by-name index="patternSeq" doc="patternSeqDoc" name="sp|P20930|FILA_HUMAN Filaggrin OS=Homo sapiens GN=FLG PE=1 SV=3" type="OT_SEQUENCE"/>
 <test-sw-performance seq_f="searchSeq" pattern_f="patternSeq" impl="CUDA" />

 
 <load-document index="patternSeqDoc8" url="smith_waterman_perf/A2IB74.fasta" io="local_file" format="fasta"/>
 <find-object-by-name index="patternSeq8" doc="patternSeqDoc8" name="tr|A2IB74|A2IB74_9ALPC Pol1 OS=Porcine epidemic diarrhea virus GN=POL1 PE=3 SV=1" type="OT_SEQUENCE"/>
 <test-sw-performance seq_f="searchSeq" pattern_f="patternSeq8" impl="CUDA" />
  
 
 
</multi-test>
